{
    "Mean Precision": {
        "Base": 0.556258887052536,
        "1": 0.5883,
        "2": 0.81,
        "3": 0.813,
        "4": 0.8141,
        "5": 0.75410395860672
    },
    "Mean Recall": {
        "Base": 0.6950391590595246,
        "1": 0.6012,
        "2": 0.7889,
        "3": 0.7814,
        "4": 0.7955,
        "5": 0.7424129247665405
    },
    "Mean F1": {
        "Base": 0.6175171047449113,
        "1": 0.5923,
        "2": 0.7988,
        "3": 0.7963,
        "4": 0.804,
        "5": 0.7482127547264099
    }
}