{
    "evaluation_frequency": {
        "frequency": 1,
        "period": "epoch"
    },
    "test": {
        "RISPOSTE": {
            "loss": [
                1.0512722730636597,
                0.8981534242630005,
                0.8312047123908997,
                0.7920590043067932,
                0.7686208486557007,
                0.7599390745162964
            ],
            "next_token_perplexity": [
                16011.2119140625,
                15704.3056640625,
                15347.5234375,
                15277.9736328125,
                15229.369140625,
                14899.5634765625
            ],
            "perplexity": [
                31771.05859375,
                31688.23828125,
                31741.623046875,
                31760.001953125,
                31768.81640625,
                31751.158203125
            ],
            "sequence_accuracy": [
                0.0,
                0.0,
                0.0,
                0.0,
                0.0,
                0.0
            ],
            "token_accuracy": [
                0.00021537113934755325,
                0.00014815782196819782,
                0.00014815782196819782,
                0.00014815782196819782,
                0.00014815782196819782,
                0.00014815782196819782
            ]
        },
        "combined": {
            "loss": [
                1.0512722730636597,
                0.8981534242630005,
                0.8312047123908997,
                0.7920590043067932,
                0.7686208486557007,
                0.7599390745162964
            ]
        }
    },
    "training": {
        "RISPOSTE": {
            "loss": [
                1.3803187608718872,
                0.9565445780754089,
                0.7756043076515198,
                0.6983996033668518,
                0.6534168124198914,
                0.6087003946304321
            ],
            "next_token_perplexity": [
                16729.4296875,
                15802.46484375,
                15268.068359375,
                15013.8330078125,
                14765.7626953125,
                14610.0693359375
            ],
            "perplexity": [
                31808.07421875,
                31761.697265625,
                31742.015625,
                31772.6328125,
                31768.150390625,
                31786.84765625
            ],
            "sequence_accuracy": [
                0.0,
                0.0,
                0.0,
                0.0,
                0.0,
                0.0
            ],
            "token_accuracy": [
                0.00019907615205738693,
                0.00015907057968433946,
                0.0002367214037803933,
                0.00014147392357699573,
                0.0001101083544199355,
                0.0002026104339165613
            ]
        },
        "combined": {
            "loss": [
                1.3803187608718872,
                0.9565445780754089,
                0.7756043076515198,
                0.6983996033668518,
                0.6534168124198914,
                0.6087003946304321
            ]
        }
    },
    "validation": {
        "RISPOSTE": {
            "loss": [
                1.0838780403137207,
                0.9165622591972351,
                0.8572704195976257,
                0.8151100277900696,
                0.7903679013252258,
                0.7783882021903992
            ],
            "next_token_perplexity": [
                16095.4853515625,
                15752.669921875,
                15414.078125,
                15329.99609375,
                15273.5634765625,
                14939.2138671875
            ],
            "perplexity": [
                31779.724609375,
                31705.76953125,
                31759.669921875,
                31779.9375,
                31787.515625,
                31773.119140625
            ],
            "sequence_accuracy": [
                0.0,
                0.0,
                0.0,
                0.0,
                0.0,
                0.0
            ],
            "token_accuracy": [
                0.00011529336916282773,
                0.00011529336916282773,
                7.091205043252558e-05,
                7.091205043252558e-05,
                7.091205043252558e-05,
                0.00011185538460267708
            ]
        },
        "combined": {
            "loss": [
                1.0838780403137207,
                0.9165622591972351,
                0.8572704195976257,
                0.8151100277900696,
                0.7903679013252258,
                0.7783882021903992
            ]
        }
    }
}