{
    "Mean Precision": {
        "Base": 0.556258887052536,
        "1": 0.798098623752594,
        "2": 0.8074,
        "3": 0.8088,
        "4": 0.818,
        "5": 0.8158,
        "6": 0.8751416206359863
    },
    "Mean Recall": {
        "Base": 0.6950391590595246,
        "1": 0.8338582515716553,
        "2": 0.781,
        "3": 0.744,
        "4": 0.7954,
        "5": 0.7939,
        "6": 0.87143874168396
    },
    "Mean F1": {
        "Base": 0.6175171047449113,
        "1": 0.8155866861343384,
        "2": 0.7934,
        "3": 0.7746,
        "4": 0.806,
        "5": 0.8041,
        "6": 0.873286247253418
    }
}