{
    "evaluation_frequency": {
        "frequency": 1,
        "period": "epoch"
    },
    "test": {
        "RISPOSTE": {
            "loss": [
                4.848334789276123,				
                2.9591541290283203,                
                2.7282962799072266,                
                2.6303014755249023,                
                2.558345317840576,                
                2.494098663330078,                
                2.4493958950042725,                
                2.3993585109710693,                
                2.3719797134399414,                
                2.3345162868499756,                
                2.297773599624634,                
                2.2696218490600586,                
                2.2430450916290283,
                2.215378999710083
            ],
            "next_token_perplexity": [
                25123.36328125,                
                21600.283203125,                
                20792.794921875,                
                20435.052734375,                
                20175.2734375,                
                19992.212890625,                
                19773.935546875,                
                19649.431640625,                
                19470.814453125,                
                19310.60546875,                
                19231.16796875,                
                19113.193359375,                
                18985.125,
                18892.90234375
            ],
            "perplexity": [
                28885.80859375,
                29019.171875,
                29241.556640625,
                29318.1796875,
                29329.142578125,
                29328.806640625,
                29341.73046875,
                29349.259765625,
                29344.55859375,
                29355.755859375,
                29355.25,
                29356.482421875,
                29356.00390625,
                29355.083984375
            ],
            "sequence_accuracy": [
                0.0,
                0.0,
                0.0,
                0.0,
                0.0,
                0.0,
                0.0,
                0.0,
                0.0,
                0.0,
                0.0,
                0.0,
                0.0,
                0.0
            ],
            "token_accuracy": [
                0.013151002116501331,				
                0.005067403428256512,                
                0.005150669254362583,                
                0.005124002229422331,                
                0.005096578039228916,                
                0.005096578039228916,                
                0.005096578039228916,                
                0.005072149448096752,                
                0.005039669573307037,				
				0.005039669573307037,
                0.005039669573307037,                
                0.005039669573307037,                
                0.005039669573307037,
                0.005039669573307037,
                0.005065740551799536
            ]
        },
        "combined": {
            "loss": [
                4.848334789276123,
                4.614658832550049,
                4.207627773284912,
                3.872161865234375,
                3.6620917320251465,
                3.4961249828338623,
                3.3479859828948975,
                3.1862473487854004,
                3.0961215496063232,
                3.016521453857422,
                2.9591541290283203,
                2.908942461013794,
                2.8655176162719727,
                2.8419172763824463
            ]
        }
    },
    "training": {
        "RISPOSTE": {
            "loss": [
                5.468559265136719,              
                3.2478628158569336,            
                2.9783973693847656,                
                2.7656595706939697,
                2.695916175842285,                
                2.5331315994262695,                
                2.5676348209381104,                
                2.4466333389282227,                
                2.4072725772857666,				
				2.441042423248291, 			
				2.285898208618164,
				2.2520995140075684,
				2.2361338138580322,
				2.289654493331909
            ],
            "next_token_perplexity": [
                26069.767578125,
                22858.423828125,
                21925.619140625,                
                21344.892578125,                
                21120.564453125,                
                20650.40234375,                
                20719.96875,                
                20527.2421875,                
                20322.025390625,                
                20496.564453125,                
                19932.810546875,                
                19984.154296875,                
                19900.48046875,                
                20058.72265625
            ],
            "perplexity": [
                28779.5625,
                28955.0390625,
                29126.251953125,
                29245.2109375,
                29315.859375,
                29360.65234375,
                29339.60546875,
                29366.255859375,
                29353.45703125,
                29376.728515625,
                29360.990234375,
                29376.505859375,
                29351.359375,
                29349.931640625
            ],
            "sequence_accuracy": [
                0.0,
                0.0,
                0.0,
                0.0,
                0.0,
                0.0,
                0.0,
                0.0,
                0.0,
                0.0,
                0.0,
                0.0,
                0.0,
                0.0
            ],
            "token_accuracy": [
                0.016192402690649033,                
                0.005194843281060457,                
                0.005167081020772457,                
                0.005105302203446627,                
                0.005217879544943571,                
                0.005076471250504255,                
                0.005124771036207676,                
                0.005337120965123177,                
                0.005142619367688894,                
                0.005062102805823088,                
                0.005001902114599943,                
                0.0051150089129805565,                
                0.005020093638449907,                
                0.004977391567081213
            ]
        },
        "combined": {
            "loss": [
                5.468559265136719,                
                3.209437131881714,                
                2.8231513500213623,                
                2.6994712352752686,                
                2.589064121246338,                
                2.6543726921081543,
                2.561122179031372,                
                2.535017251968384,                
                2.5278024673461914,                
                2.3680403232574463,                
                2.381453275680542,                
                2.3566083908081055,                
                2.2487845420837402,                
                2.289654493331909
            ]
        }
    },