{
    "evaluation_frequency": {
        "frequency": 1,
        "period": "epoch"
    },
    "test": {
        "RISPOSTE": {
            "loss": [
                1.1252601146697998,
                0.9833610653877258
            ],
            "next_token_perplexity": [
                16483.33984375,
                16037.4248046875
            ],
            "perplexity": [
                31985.14453125,
                31989.294921875
            ],
            "sequence_accuracy": [
                0.0,
                0.0
            ],
            "token_accuracy": [
                0.00013522416702471673,
                7.543552783317864e-05
            ]
        },
        "combined": {
            "loss": [
                1.1252601146697998,
                0.9833610653877258
            ]
        }
    },
    "training": {
        "RISPOSTE": {
            "loss": [
                1.3850047588348389,
                1.067070722579956
            ],
            "next_token_perplexity": [
                17170.115234375,
                16214.5390625
            ],
            "perplexity": [
                31986.822265625,
                31991.458984375
            ],
            "sequence_accuracy": [
                0.0,
                0.0
            ],
            "token_accuracy": [
                4.1677620174596086e-05,
                8.891410834621638e-05
            ]
        },
        "combined": {
            "loss": [
                1.3850047588348389,
                1.067070722579956
            ]
        }
    },
    "validation": {
        "RISPOSTE": {
            "loss": [
                1.1749128103256226,
                1.038061261177063
            ],
            "next_token_perplexity": [
                16558.314453125,
                16116.1005859375
            ],
            "perplexity": [
                31984.869140625,
                31987.21875
            ],
            "sequence_accuracy": [
                0.0,
                0.0
            ],
            "token_accuracy": [
                0.00014280807226896286,
                0.0001360752066830173
            ]
        },
        "combined": {
            "loss": [
                1.1749128103256226,
                1.038061261177063
            ]
        }
    }
}