{
    "evaluation_frequency": {
        "frequency": 1,
        "period": "epoch"
    },
    "test": {
        "RISPOSTE": {
            "loss": [
                1.0688791275024414,
                0.9638379812240601,
                0.8964994549751282,
                0.8620460033416748,
                0.8382691740989685,
                0.8329547643661499
            ],
            "next_token_perplexity": [
                16332.99609375,
                15905.197265625,
                15634.6787109375,
                15473.8876953125,
                15303.9169921875,
                15086.078125
            ],
            "perplexity": [
                31987.67578125,
                31984.748046875,
                31988.712890625,
                31988.529296875,
                31984.6875,
                31984.748046875
            ],
            "sequence_accuracy": [
                0.0,
                0.0,
                0.0,
                0.0,
                0.0,
                0.0
            ],
            "token_accuracy": [
                3.9347920392174274e-05,
                0.0001740311417961493,
                9.74662762018852e-05,
                9.640478674555197e-05,
                0.00011604651808738708,
                0.00011604651808738708
            ]
        },
        "combined": {
            "loss": [
                1.0688791275024414,
                0.9638379812240601,
                0.8964994549751282,
                0.8620460033416748,
                0.8382691740989685,
                0.8329547643661499
            ]
        }
    },
    "training": {
        "RISPOSTE": {
            "loss": [
                1.486494779586792,
                1.0356228351593018,
                0.8268755674362183,
                0.7346872091293335,
                0.6928326487541199,
                0.6493893265724182
            ],
            "next_token_perplexity": [
                17417.876953125,
                16117.6162109375,
                15473.5537109375,
                15182.0810546875,
                14873.556640625,
                14736.3994140625
            ],
            "perplexity": [
                31987.369140625,
                31987.765625,
                31985.541015625,
                31985.48046875,
                31985.845703125,
                31986.8515625
            ],
            "sequence_accuracy": [
                0.0,
                0.0,
                0.0,
                0.0,
                0.0,
                0.0
            ],
            "token_accuracy": [
                8.04545998107642e-05,
                0.00012304710980970412,
                0.0001536719355499372,
                0.0001299635914620012,
                9.660515934228897e-05,
                0.0001197209203382954
            ]
        },
        "combined": {
            "loss": [
                1.486494779586792,
                1.0356228351593018,
                0.8268755674362183,
                0.7346872091293335,
                0.6928326487541199,
                0.6493893265724182
            ]
        }
    },
    "validation": {
        "RISPOSTE": {
            "loss": [
                1.114945411682129,
                0.9997647404670715,
                0.9369817972183228,
                0.8991801142692566,
                0.8752588629722595,
                0.8639916777610779
            ],
            "next_token_perplexity": [
                16415.865234375,
                15956.48828125,
                15725.73828125,
                15545.802734375,
                15372.7177734375,
                15152.7265625
            ],
            "perplexity": [
                31989.962890625,
                31987.951171875,
                31990.880859375,
                31990.666015625,
                31990.970703125,
                31991.763671875
            ],
            "sequence_accuracy": [
                0.0,
                0.0,
                0.0,
                0.0,
                0.0,
                0.0
            ],
            "token_accuracy": [
                7.870142144383863e-05,
                0.00011942523997277021,
                0.00011942523997277021,
                8.05981399025768e-05,
                6.026963092153892e-05,
                3.957940498366952e-05
            ]
        },
        "combined": {
            "loss": [
                1.114945411682129,
                0.9997647404670715,
                0.9369817972183228,
                0.8991801142692566,
                0.8752588629722595,
                0.8639916777610779
            ]
        }
    }
}