{
    "evaluation_frequency": {
        "frequency": 1,
        "period": "epoch"
    },
    "test": {
        "RISPOSTE": {
            "loss": [ 
                2.3719797134399414,
                2.3345162868499756,
                2.297773599624634,
                2.2696218490600586,
                2.2430450916290283,
                2.215378999710083
            ],
            "next_token_perplexity": [
                19470.814453125,
                19310.60546875,
                19231.16796875,
                19113.193359375,
                18985.125,
                18892.90234375
            ],
            "perplexity": [
                28885.80859375,
                29019.171875,
                29241.556640625,
                29318.1796875,
                29329.142578125,
                29328.806640625
             ],
            "sequence_accuracy": [
                0.0,
                0.0,
                0.0,
                0.0,
                0.0,
                0.0
            ],
            "token_accuracy": [
                0.005039669573307037,
                0.005039669573307037,                
                0.005039669573307037,                
                0.005039669573307037,
                0.005039669573307037,
                0.005065740551799536
            ]
        },
        "combined": {
            "loss": [
                4.848334789276123,
                4.614658832550049,
                4.207627773284912,
                3.872161865234375,
                3.6620917320251465,
                3.4961249828338623
            ]
        }
    },
    "training": {
        "RISPOSTE": {
            "loss": [
                2.5278024673461914,              
                2.3680403232574463,
                2.381453275680542,              
                2.3566083908081055,         
                2.2487845420837402,
                2.289654493331909
            ],
            "next_token_perplexity": [
                20322.025390625,
                20496.564453125,
                19932.810546875,
                19984.154296875,
                19900.48046875,
                20058.72265625
            ],
            "perplexity": [
                28955.0390625,
                29126.251953125,
                29245.2109375,
                29315.859375,
                29360.65234375,
                29339.60546875
            ],
            "sequence_accuracy": [
                0.0,
                0.0,
                0.0,
                0.0,
                0.0,
                0.0
            ],
            "token_accuracy": [
                0.005142619367688894,
                0.005062102805823088,
                0.005001902114599943,
                0.0051150089129805565,
                0.005020093638449907,
                0.004977391567081213
            ]
        },
        "combined": {
            "loss": [
                5.468559265136719,
                5.434325218200684,
                4.86558723449707,
                4.396290302276611,
                4.048251628875732,
                3.8696413040161133
            ]
        }
    },
    "validation": {
        "RISPOSTE": {
            "loss": [
                2.3779587745666504,
                2.335099935531616,
                2.299436092376709,
                2.272862195968628,
                2.244763135910034,
                2.219291925430298
            ],
            "next_token_perplexity": [
                19567.064453125,
                19402.12109375,
                19320.3984375,
                19187.826171875,
                19061.28125,
                18974.328125
            ],
            "perplexity": [
                28858.466796875,
                29008.794921875,
                29264.685546875,
                29358.91796875,
                29369.111328125,
                29368.21484375
            ],
            "sequence_accuracy": [
                0.0,
                0.0,
                0.0,
                0.0,
                0.0,
                0.0
            ],
            "token_accuracy": [
                0.0049776602536439896,
                0.004947379231452942,
                0.0049776602536439896,
                0.004947379231452942,
                0.004947379231452942,
                0.004947379231452942
            ]
        },
        "combined": {
            "loss": [
                4.8347930908203125,
                4.600880146026611,
                4.204494953155518,
                3.8794984817504883,
                3.6756584644317627,
                3.516549825668335
            ]
        }
    }
}